Residue,10aa_Avg_Score,15aa_Avg_Score,20aa_Avg_Score,25aa_Avg_Score,30aa_Avg_Score,35aa_Avg_Score,40aa_Avg_Score,45aa_Avg_Score,50aa_Avg_Score
1,0.3052812084920449,0.4352601358153186,0.4411884624504333,0.4174071628925979,0.4284379188905803,0.4526907662939546,0.3969902275915812,0.36613736269211,0.3683918100900548
2,0.30679670199170295,0.43220785896195274,0.4511084421621861,0.4020756785894129,0.4288253211133636,0.46323778751453837,0.4020304848718206,0.38495818751996347,0.3860341175451894
3,0.3162867985760423,0.4138968344865495,0.4374110991455879,0.4073581910875557,0.427441242374971,0.4059832825886807,0.3986702182091211,0.38371987946006775,0.3780826164076936
4,0.30278235707467827,0.39196409099512236,0.44291553254876054,0.42195224824958244,0.439141859906348,0.3852650722021128,0.3930323349783579,0.37295617904908906,0.37964229477039724
5,0.3129080295512774,0.3874429721413069,0.44520100278611663,0.4379843414676737,0.4370986064641956,0.3684090785937541,0.3810133739262566,0.35889296003083304,0.3778675887681356
6,0.3273176162695735,0.37485485765672477,0.43519286410759683,0.43920809312570275,0.42391243972411896,0.356190638803263,0.36520990419241167,0.3460292936824574,0.39987010135123985
7,0.3308501741547318,0.3692642059268355,0.43058168484499193,0.43743394925069756,0.4242748657178869,0.35697560277640067,0.36266472631779145,0.3477197162928021,0.4079872476292517
8,0.3247384329291376,0.36189813012969807,0.42452810448962797,0.4368764991357526,0.40610922108330527,0.35421434280386177,0.36114416053635867,0.3433440631874091,0.4130853022402827
9,0.32773725998338754,0.36432674696627615,0.4187131655942689,0.43643087557728,0.3938062935712588,0.3515425098166597,0.3541899285440888,0.3429055388302916,0.4132892424181305
10,0.33002204565551835,0.36424161902443636,0.4253502344377579,0.4380768141666772,0.3894055444847285,0.355663160409975,0.3535442445745972,0.34615427018228073,0.41995837837954453
11,0.32939522235472224,0.36103610728920116,0.4267183560911276,0.44102485860970597,0.3833929255731474,0.3556095767230326,0.3515936131597093,0.3472318471495837,0.41500128117979534
12,0.3347795874771867,0.362524821362263,0.43133532420601867,0.4354325895087578,0.38180495071743525,0.35694538030490547,0.3508873392875835,0.34937674983359807,0.41708009909767446
13,0.3372399896213322,0.3670319388183271,0.43926668925704393,0.4349423126951303,0.38199736991821254,0.3585291764349384,0.3517243470557799,0.35464839031997963,0.4219405361559963
14,0.34064835226891266,0.369186393484255,0.44291260227024837,0.432472036722289,0.3823091096282195,0.3575578360724638,0.35247022758234786,0.35557176298202,0.4214976831708314
15,0.33707269013012364,0.3744227834749817,0.4465304067239968,0.4300777689810071,0.3847331140107866,0.358525742868091,0.3526515767668065,0.36164385770881563,0.4218920670394175
16,0.32366767152643183,0.37971391083952455,0.4535472727349799,0.42504746888599915,0.3831915734707214,0.35775796193651377,0.35199656641436505,0.3651428954214433,0.4229114101095022
17,0.3175936208439698,0.3827476200446196,0.4540212671085177,0.421578170072427,0.3809525650592985,0.357356423753314,0.35171721959770924,0.36777023324354524,0.42370810127851416
18,0.3213615926464237,0.38983991940121876,0.452244393281028,0.420472170979309,0.379221449043025,0.35670311263085885,0.35090806333643265,0.3685802782051316,0.42468340565562396
19,0.3215090278776944,0.39726656178200287,0.44629749032395766,0.416756039115966,0.37470456941838026,0.3556065159336246,0.3497463177954454,0.36903663287538657,0.42394157934579435
20,0.3266166552797499,0.39939061526882985,0.4410965929515326,0.41439960534230585,0.37235376873478054,0.35435906020967883,0.3499729648869495,0.3699429237428033,0.4240908708317517
21,0.3429002660406519,0.4078359370381841,0.43860911531283203,0.41175444160488395,0.3706141025007559,0.35519313284389414,0.3508935760435205,0.37276611066142223,0.4262914228176355
22,0.351056539387114,0.41460950838366156,0.4338497813650702,0.4091789042771682,0.36968415773706087,0.355823394506892,0.3507633893478434,0.3717736730223928,0.4281202845033457
23,0.35207855163027324,0.42279978851332733,0.4334844118754731,0.4064619361045359,0.3692253376374661,0.35682513350348044,0.352206611729586,0.373885530080414,0.4297979670981551
24,0.36521113661820276,0.42049931694449577,0.4289413856930381,0.4027867147256338,0.36854437777753773,0.35730030699733994,0.3537123445460162,0.3766990663319138,0.43374677224655217
25,0.3804240776294292,0.42231033730826284,0.42555804240911926,0.4003386128611222,0.3688911376323493,0.3600362696104986,0.3570434412558634,0.3813057097931424,0.4375680245668332
26,0.4005562380028208,0.42777692982245596,0.42627215523591333,0.3999425429166068,0.3726081663534195,0.36458296373441423,0.35996396331288144,0.3864399590076728,0.44202668107612236
27,0.4160067285072362,0.43399841265187317,0.42321089938583817,0.4013294230502828,0.3756384048802741,0.3681004497279648,0.36221043691518345,0.3929815288231255,0.44664765701185916
28,0.43182956022082014,0.43579454546246477,0.42329550531623833,0.4011329347296821,0.3782253187389388,0.3698058971104396,0.3640334265996358,0.3981457245292281,0.4507823772623853
29,0.4380543501927282,0.4341364227383401,0.42305000483609917,0.4008505812336827,0.3788898830850079,0.3728259630624143,0.36634147476139467,0.4012132861551969,0.45278671184869823
30,0.42871207884695417,0.4293226104802718,0.41562368893828133,0.39878724727057974,0.38097947677448096,0.3764422888709743,0.3711699160141067,0.405582071227561,0.45574579177538715
31,0.4123138799900258,0.41607423190224196,0.40988289792899507,0.39777334741125614,0.3797322290503024,0.3782741601229763,0.373573633875322,0.4097110206539392,0.4590539507267497
32,0.4043548763481007,0.40776760898373116,0.40417630851630026,0.3993054542958982,0.37946234982704297,0.38224103547883764,0.3787628755516117,0.41430499714455743,0.4622855123441377
33,0.4062017719493213,0.39609563733404396,0.39786498083873106,0.39998574036224843,0.38138977680970704,0.38641499862798967,0.3845261176392745,0.41916253118924,0.46595165519786763
34,0.389141030865786,0.38744336560323195,0.3955829486931472,0.4004408825568874,0.38206386224469147,0.39074668968707543,0.3897396979105708,0.4239478678499861,0.4690128007832201
35,0.3709341550638861,0.3813375264174947,0.39191611743477006,0.4010314014193574,0.38482905563965564,0.3955511049062176,0.39452535179905573,0.4277804802624623,0.4722134988521143
36,0.3477429989828164,0.3733544081975126,0.38075083867944837,0.4003025552280038,0.3889636508574794,0.3990343388829578,0.39903170660917353,0.43145360524575627,0.47486633196106554
37,0.3276527464298534,0.36839677393552345,0.3731382707341089,0.40313634540758836,0.39082398176227484,0.4017379825150504,0.4028956051767382,0.43448237953966445,0.47665236974192143
38,0.30846103569515393,0.36587689674625284,0.3667225680414449,0.40521492500254885,0.3977630760300325,0.4083305448665178,0.4049106613639977,0.4371002253503356,0.4783338879240415
39,0.2870943696147844,0.36696222495263725,0.36552144023990585,0.40682193254747157,0.4032397493897409,0.4138295304414689,0.4074639567664035,0.4392879744717578,0.48016600612553806
40,0.2726259062670204,0.3637592195569667,0.363706952712887,0.40858211468150024,0.4080466997281448,0.419799262410384,0.40996365088204767,0.4409030652596856,0.48073202915413216
41,0.26973396554338175,0.3582451742040274,0.3618419539114327,0.4113061529972963,0.4152525594027593,0.4266164890677322,0.41332369184636797,0.4428943899504357,0.4809765872979977
42,0.2629571262427698,0.35116895637168954,0.3618179572978766,0.4155417131962962,0.42201432448015647,0.43221144361534025,0.4164883771766692,0.444796807967428,0.4817887807997483
43,0.2562200365705064,0.3458284486097873,0.36389857643668,0.4206647781872059,0.429295606437257,0.43931031705491286,0.4209828043636025,0.447763609931832,0.4833940648630227
44,0.26383003857308585,0.34835725758484504,0.3688646210125568,0.42854213250741324,0.4361755710664315,0.4464803293460527,0.4257321501615771,0.4507766207037486,0.48487420046663593
45,0.2682720246814958,0.3550485008129049,0.3755793991889487,0.4362227722257576,0.43972836734709125,0.45139718406243806,0.4310364574692088,0.4527830753727041,0.48616294796270826
46,0.2723820577101592,0.3609964857651175,0.38016438457910107,0.44626223036653556,0.44734497984556854,0.457481161129404,0.4382282982491105,0.45612418643906294,0.48747559191708606
47,0.28394079031948205,0.3630829765975054,0.3854539504494462,0.45382216308390455,0.4531085157176156,0.46084777440175434,0.44070188018962553,0.45734069592893795,0.4874602526776578
48,0.2958339086309313,0.3724719936921824,0.3912182610608051,0.46208307270808446,0.45875346352641977,0.46493424856385773,0.4456293457288658,0.4601649788083985,0.4870495649137165
49,0.3172181196758103,0.3841567871937889,0.39923057767092784,0.46745377907843616,0.4637283182403521,0.4682180943656216,0.44968461745476096,0.462933251374022,0.487665290763041
50,0.33994118072569196,0.3941575942449332,0.40814767991924583,0.46843469987719044,0.46679400350310923,0.47021694383017154,0.45139701656120523,0.465382245313368,0.4871812333732648
51,0.3546522889000851,0.4029383476491833,0.41748410269422076,0.4732734473141486,0.46990912860507794,0.47431381412707235,0.45222592691221203,0.46971795774893155,0.48890946854613326
52,0.3604309884971952,0.40984380515543867,0.42500251695829283,0.4776190540059803,0.4720565523975918,0.47668039573095594,0.45269274712008584,0.4721633058162823,0.4909721526983018
53,0.37192695380908286,0.41351617330676604,0.4289624094903555,0.4797838932967501,0.4738131773459579,0.4797473912024854,0.4538074947190382,0.4751212388427965,0.4943467897605214
54,0.37695561365147034,0.41884370571761004,0.4332869347854178,0.48184379711429914,0.47824622464737243,0.484455299117556,0.45601732266542705,0.47954802928479656,0.4975778423052412
55,0.39561530348881024,0.4279820432760347,0.43710241138544215,0.4832818836987886,0.4815211886710824,0.4875258432047278,0.4583140107999088,0.4816102892382228,0.5007243508217443
56,0.4078106541571838,0.4384100048582518,0.4470167243013165,0.4867337875891414,0.48557785762762007,0.4873747473125593,0.4621634941997487,0.48414583470304123,0.5013024905084523
57,0.4110042628383696,0.44449449747995146,0.4563860956416967,0.4854463420514162,0.4856096378668093,0.48772287672490994,0.46548887768189023,0.48873761450208647,0.5033817935505812
58,0.40852197196516027,0.45130375420602603,0.4645782830735502,0.48485703929783924,0.48646326489465713,0.4889907805346015,0.4679714064144923,0.4913857229414499,0.5042476113135382
59,0.402629787472478,0.4510978416827508,0.471880289131532,0.4746058137584159,0.4896280459991111,0.4911599881378705,0.4739551393323186,0.49509491067819017,0.5053717393435967
60,0.40263557405344913,0.44451469188656406,0.4770485859687696,0.474658546121258,0.4892923910904752,0.4922612207978919,0.4775366248866179,0.49674096816745206,0.5055251716482286
61,0.3998859506445034,0.44141015691140945,0.48135338342682205,0.4799353699776365,0.4840234376163136,0.48842112345801575,0.4812219094916836,0.4992570996080477,0.5071591382381012
62,0.39792414414821825,0.4394984335609437,0.4805666074102094,0.4730422718129051,0.48118837159619965,0.4869727446668964,0.4851251560189068,0.5011093848795607,0.5075347454993282
63,0.38383171198228855,0.4332751642623024,0.4766766271983095,0.4711144560310446,0.47889449121096506,0.48726293876492316,0.4889023284484123,0.5028967149436657,0.5071794560163309
64,0.37637402608604853,0.42555779514416014,0.4619620696299605,0.464058139542494,0.47636633039669773,0.4897992536298771,0.492294368212214,0.5050793103338402,0.5080886743460717
65,0.35408165625976434,0.41690043199791266,0.45809019693566644,0.4624918008832358,0.47433143706090214,0.4893732930233143,0.4932929242781977,0.5060141806523961,0.508526265141897
66,0.3393424167125464,0.41213646490859035,0.4526534474142367,0.4588421681899944,0.47229972863474584,0.4902000843612023,0.495850286909957,0.5080358463442711,0.5110394041849277
67,0.328892712369909,0.40213456491263727,0.4506273711810721,0.4576940675617314,0.4729246644982186,0.4916451531157245,0.4974482121334409,0.5110067574847009,0.5116260311795309
68,0.32199860255030005,0.39474883958645324,0.4487390590268164,0.4517675652538992,0.4697008019003331,0.49296801517603106,0.4991323422367023,0.5128160666957201,0.5113280882698679
69,0.3204652963089599,0.38852109582620825,0.44467527485520797,0.4453872077598609,0.4698315092422124,0.49330343182258707,0.4995045926398832,0.5143913021245439,0.5122614996927078
70,0.3060383590544161,0.381411706367082,0.4387936686043613,0.437136293719808,0.46851189331819637,0.4912968483999077,0.49702888939032197,0.5149771136462051,0.5125823819328539
71,0.29208755223078986,0.37308439375100116,0.42985285173691395,0.42694631574012637,0.4651961729731083,0.48863520592527904,0.49649497169774365,0.5158421903592212,0.5126513707027963
72,0.2762305042446917,0.3686772542830167,0.4200787089686465,0.42122352576827454,0.46298017045636397,0.4877003486474626,0.4981492711468924,0.5149628306709559,0.5132312859639437
73,0.2639193186605643,0.36612028214013964,0.41740293323402283,0.4133763888599617,0.4593815818566916,0.48666574638770765,0.49850740277387756,0.5118922270266912,0.5127422491187891
74,0.2602784892002429,0.3650083317732632,0.4133342148805442,0.41285337026193536,0.45517256843447673,0.482248967525754,0.49849400858179216,0.5099335917317508,0.5106641177923599
75,0.26278051942082314,0.36768663494296416,0.40958717592118843,0.41513448745096204,0.45130692455032206,0.47748012842132825,0.49752145991403457,0.5067492361098369,0.5093924444302534
76,0.2672737024795448,0.37117728288059976,0.4040453172954136,0.41091665617863143,0.4476021819381387,0.4740465764981044,0.4961807549249091,0.5047698795304832,0.5081017206596947
77,0.2704764260669501,0.3746388311106284,0.4005823335913452,0.4078219036247689,0.44547388606742533,0.4722942337031139,0.4934104863080229,0.5031631585099723,0.5060138847542607
78,0.2671219303122191,0.376719391205656,0.39904439174052403,0.4080169629233648,0.43952228446651725,0.4688904247389259,0.4908395404833096,0.4995864411104468,0.5030849139962906
79,0.26294713247878604,0.37776857488069,0.3989886286190092,0.4065529478706942,0.43459395203871637,0.46312751264610463,0.48706408713976346,0.4959642112675271,0.5023182480566792
80,0.27289367291506755,0.38421362929968605,0.40108586940892516,0.4064135573831909,0.43259444630996335,0.46201606656120264,0.483397095014487,0.49444800610901657,0.501432738021133
81,0.28565079139071387,0.38651925803376513,0.399321519681978,0.403569437664329,0.42969464313114697,0.456955336077073,0.47946780234264585,0.4926965441102579,0.4990145283202025
82,0.3025639665905727,0.38922443209885554,0.40136986201228897,0.40246062598885096,0.42700074114701025,0.4532085751968992,0.4765146642198882,0.48915549433381,0.4965320953405448
83,0.31567771017141266,0.39207088934054823,0.40629295181282743,0.40001272779886754,0.4245050934526884,0.4488679836247746,0.47134537131148824,0.48651730499040075,0.49365288306564
84,0.3216294899852069,0.393974076595879,0.4197144292475182,0.4064728486282823,0.4211277801299137,0.4463375149796753,0.46684010477791826,0.48454453617716925,0.4899097745741014
85,0.32912272107537655,0.39606507238424465,0.41909984271244693,0.4017992697032982,0.41633958065877125,0.4428299112274072,0.46347444245400987,0.481287478393255,0.4844575633868433
86,0.3336074866877964,0.39861838264152194,0.42133580852985186,0.3923003518005992,0.40847188990916616,0.43836316144866466,0.4597249206192279,0.47941959899525566,0.48027518024761684
87,0.33302125379033903,0.40118719803360664,0.4197533682667002,0.39527128330208,0.40465864686810543,0.4372126318264973,0.45845046906168624,0.4758185838968062,0.4766958725826529
88,0.33354913520326535,0.4006208950870869,0.41707613665137044,0.39298136569350567,0.4007716064123022,0.4349470253434495,0.4550439873175874,0.4724340558177635,0.47333900446044674
89,0.33328867180604393,0.4031571417135084,0.4138882574666881,0.3976882995141974,0.39599168986057853,0.43117901439824524,0.4528473069066029,0.4670072980628968,0.47009563672243365
90,0.33122812533975915,0.40080125005458467,0.41316907363351074,0.39610616635200935,0.39210477450327014,0.43053695425711447,0.45146405458465216,0.4628743512823279,0.4671511911848017
91,0.3308909285449965,0.4007063401192789,0.4128262788980184,0.3967046087648631,0.39513385473154533,0.4318789164888917,0.4532710965034143,0.45950254761309045,0.4653465483415683
92,0.3235054786259221,0.40136907550957523,0.41327506717971296,0.39161220772859323,0.3972934003086373,0.432070645941762,0.4529331496609366,0.4556992736803377,0.4623309980222806
93,0.3401196987434875,0.40197928947179407,0.40575310467186665,0.3876282943319197,0.3934324477967186,0.43214272880470705,0.4517861009468726,0.451506929632072,0.4578075774372173
94,0.34538704108998375,0.4004034048451334,0.39999658962569085,0.38655940659529614,0.3924525226815919,0.42939127532036425,0.44799721536093867,0.4482627117648806,0.45365117501957036
95,0.33481546438112575,0.395208615744291,0.3936900147110417,0.38260687158851453,0.38886841729137434,0.4247383233471699,0.44396124977880974,0.4457874508559781,0.450010869807799
96,0.3307084993404544,0.38553191733538866,0.38647339607784453,0.37828279656754676,0.38563837939942863,0.4228413039638305,0.4384897616315083,0.4421761696583555,0.4463319134302025
97,0.32839956998540265,0.37994169999094923,0.3793192333421218,0.37312230052000855,0.3799226987333613,0.41903590989547423,0.4333833677640443,0.4391149815241911,0.4429672824591217
98,0.3303604853594594,0.3742371032780484,0.3741741798927855,0.37193257306903293,0.38147056601455237,0.417690217124712,0.4303716403091243,0.4365699425361342,0.4418785945354632
99,0.3287050789499227,0.3671746047450988,0.37030004328687266,0.3703805285072789,0.38008485475831927,0.4133743436153955,0.4267014510973546,0.43495045709927876,0.4406931170533693
100,0.3243219502153582,0.3512331944751574,0.363622800778872,0.36922438439911914,0.37694300944363807,0.4107567351040682,0.4219544172283788,0.4343861238407028,0.4396188477452953
101,0.30410485109620866,0.33899190820413344,0.3565208911247265,0.3651230299878972,0.36923190277602264,0.40298957521530077,0.41789708287938143,0.43410592603336984,0.437389789390957
102,0.29534021392370496,0.3244141592089694,0.3528275496637984,0.3594790520044418,0.3597055453494141,0.39310576498015326,0.4127056893793132,0.42835272355861254,0.4349146807698495
103,0.2722776457411436,0.3152800591972836,0.34608402892317836,0.35446710448839114,0.34759737106539534,0.38230285487039956,0.40444440874110865,0.4229231704369329,0.43236749520596907
104,0.263845660474433,0.31102611158466725,0.34297829798409124,0.3494174654711686,0.3448251924993233,0.3783041901078686,0.4002980693959084,0.42096047554126226,0.4316303057132726
105,0.2544930487353476,0.30971173519413775,0.33898931013237754,0.34206785576333,0.3426114856114238,0.37342312792380006,0.39847866039773633,0.4178692122484476,0.42845972711506053
106,0.25328154243262757,0.3050932770263761,0.334593711786102,0.33845527347630133,0.3401767329705706,0.3710431500517381,0.3974659767370881,0.41441258686550747,0.42385400034212595
107,0.24500197124550863,0.2980206710309148,0.33331131140083525,0.3310510784349557,0.33420864956137547,0.36755374212736225,0.3958049224485209,0.411960853780379,0.4198696144050016
108,0.23729695167596473,0.29356338285445743,0.3329574846733637,0.3309149746686272,0.33014292914829074,0.3630181206361441,0.39242644197760435,0.4045298498467967,0.4155577373962002
109,0.23567422188352533,0.291615799500843,0.3318081145696576,0.33138722569151263,0.3326877918573843,0.3627631307930971,0.3884011159611958,0.4036323124573168,0.41271886099675853
110,0.23217960595436682,0.2895513121009898,0.3313870805147259,0.33047588517322496,0.33163187305363867,0.36334264690189766,0.3880406411829444,0.40168930783402174,0.4093212844871023
111,0.24022352617918025,0.2938300889413601,0.33035338826697835,0.3305107720603828,0.3323832482679273,0.3631224541386887,0.38633466566611396,0.3970526952282809,0.40690756380406934
112,0.24560214379819428,0.2886310816750847,0.33020980067241396,0.3311344164314876,0.333723563668846,0.3578519325302073,0.3816245249404905,0.39406647275378265,0.4038854239792148
113,0.24423487833429713,0.2847689820824287,0.33188745011084264,0.33077983436084524,0.33480961805966486,0.35369079505574136,0.3758516447699429,0.3935105321566629,0.4017825559019476
114,0.2363000746091013,0.2888517808646875,0.3324429263205839,0.3308959163013605,0.3324904748866652,0.3526431109012525,0.37090235739600613,0.39151603008494534,0.40224533182667316
115,0.23637504697346629,0.2983651440674804,0.3329206647761123,0.33035083772322027,0.33261567639710143,0.34939443671649206,0.3679002323947368,0.38908512221840885,0.4032764499828266
116,0.23296006927815277,0.3033417767819081,0.3386415064244311,0.3329839393127999,0.33112018310269414,0.3491638204088196,0.36289423085192635,0.3853831772964851,0.3974765489985919
117,0.24147610475776116,0.3113081140064118,0.3440226553226538,0.3361663857606383,0.3296735530902197,0.34938758373874684,0.3600147255800121,0.37928370511338916,0.393693971070004
118,0.25180824712610794,0.3149455504624083,0.34525631674804524,0.34022025652147775,0.32874455304556977,0.3496354330593647,0.3587825506485391,0.37675216137645656,0.391187563994604
119,0.26320802156677775,0.31552718422743947,0.3466768469473194,0.3415453232194043,0.3312358416463278,0.35117802217626415,0.35858450054005664,0.37678770394723704,0.39051343886816975
120,0.2758732105212661,0.31079079742543564,0.3509236764992477,0.3495501370064153,0.33409573268449916,0.3536953244403434,0.35729057914596796,0.37758288975147536,0.3907998739356263
121,0.28999015171371334,0.3145716567060745,0.3516717147458381,0.3476669797312746,0.3308244377450828,0.3530320250832364,0.35845368885759077,0.37819352581170546,0.390598357747423
122,0.295353327545982,0.3175884559681492,0.3505871024238644,0.35169623871202405,0.3341997243031661,0.3527982632885046,0.3578801585820859,0.3742266948155862,0.3899813692104193
123,0.30597934446758734,0.3176382572625948,0.34582775699647744,0.350419756774182,0.33750340015523456,0.35391144868558455,0.3560879693847847,0.3707961458600558,0.3887433083495368
124,0.3171515734876908,0.3219433815587032,0.34889485023820127,0.3497348384962406,0.33815908502412795,0.3537489033111641,0.35587761696764575,0.3701715120163453,0.38733452530075513
125,0.32283966384126517,0.31881201846640456,0.35042958648662903,0.35358626294662515,0.3427018799758768,0.35405316335713183,0.35602372070766375,0.3693219547150679,0.38544591187508837
126,0.332646061848493,0.32141333906715047,0.35493689051146066,0.3610813326079838,0.3436554998745812,0.35474290735947606,0.3566091093246847,0.36946774060329246,0.3853364727417872
127,0.34007358563998313,0.3340052797516652,0.3549880989506098,0.36429383707863766,0.3447629990810971,0.3529876633908235,0.35663603012444595,0.3698457149670874,0.38439027534306774
128,0.33374479705739163,0.34411435194588347,0.3542157899840027,0.3663211348942429,0.34376519202047334,0.350826025096129,0.3579577447191071,0.36998015648596233,0.3856543026819086
129,0.3241347406217165,0.3470707402899787,0.3575014451848061,0.3743615440501851,0.34217375781351966,0.3525724159107032,0.3589711681136221,0.36859262195170145,0.3840760810782157
130,0.30589117071328487,0.3511318472067068,0.3611527372195165,0.3769716590769284,0.34205126495952676,0.35564676734747547,0.3605339252356022,0.3693717424741397,0.3822948798375087
131,0.2994673842167876,0.35598303905434847,0.3640573412199456,0.37574809212999255,0.3463180449893768,0.35972541877020703,0.36009920904809295,0.3685861608429383,0.38209965755313136
132,0.3059530007982375,0.3553026298024125,0.3666321647801757,0.3811132933730991,0.35042144000621894,0.36281501553742534,0.3607239081828068,0.3688277766075086,0.3827660375141921
133,0.3146644091527173,0.3590345182967972,0.37179447437360824,0.3835375378239999,0.3574311909026114,0.36364467638080966,0.3606499261203756,0.3679326222078135,0.38373584662377846
134,0.315189678500399,0.36204317790940366,0.37526344192743294,0.38334921073225436,0.3583002985042488,0.3650494510720161,0.36226094478769777,0.36937219234874336,0.3870633144602555
135,0.31620124571449354,0.36327788164928065,0.37630794694006314,0.3853849246562342,0.3600893642568581,0.36714316863177837,0.36512160589353276,0.37022938582731496,0.392716479779264
136,0.3106285165919395,0.3635580104458796,0.37563899639264225,0.3852142957482119,0.36118428453898604,0.3744442960758348,0.3690506324320179,0.3751265578355556,0.3981352367218099
137,0.2981940477755199,0.36297515023104876,0.37614185846938,0.38511931672726574,0.3650362922942681,0.38003999645915526,0.3716968055408919,0.38210747434410763,0.4039272745422785
138,0.30043040706943486,0.3671044395527149,0.3807633449362936,0.38569056760792253,0.37108145710104073,0.3855905232170388,0.37179228508432927,0.3863825668896642,0.4079569457408427
139,0.310984109415932,0.3674886646520757,0.38038155649601535,0.388498516835778,0.37156416948328774,0.38404662087376756,0.369386748093815,0.3892580208246446,0.40929148085149836
140,0.3161965879306052,0.37419209111760576,0.3773387183021071,0.3883734902171541,0.3734655248248218,0.3850512803403098,0.36911656034834545,0.3908053888356582,0.40997585854993956
141,0.3147763808126063,0.373482071825015,0.3807232854091038,0.3862294542953317,0.3738190000279566,0.38388443435750685,0.3704669783242365,0.3931818346009291,0.41152992800295807
142,0.30585716809152613,0.3728097610257077,0.3845064260697384,0.3857915496569255,0.3731094896927469,0.382165662863867,0.3735000590779246,0.39575933006812863,0.41329586391973605
143,0.29529978036982474,0.3737264528931802,0.39254814655396025,0.3848182080890789,0.3716812976859873,0.382645545888048,0.3785169671584171,0.3983250663338476,0.41629612352070816
144,0.3000357019647374,0.3748273515745398,0.391319283765726,0.38597346485940426,0.3734984872602947,0.38294764499082107,0.3799145594348258,0.3975957123345027,0.41881850660869974
145,0.30675487698867876,0.37751494311135164,0.39574592729246993,0.38528061043218675,0.37697730457552703,0.38338725196097123,0.3808859122213557,0.396816176286564,0.4221960908484117
146,0.3136914822513676,0.3795816718371184,0.4002795634977737,0.39651177927440623,0.3793516868134235,0.3860004138869531,0.3820714731438767,0.39922942191396704,0.4267640208744654
147,0.3211153635103912,0.38296041217261123,0.4033507068355857,0.3989289316476383,0.3812570464316906,0.38953331569931776,0.3831359007475927,0.4049863792830061,0.43287842010023936
148,0.32714947219945,0.3827289719438721,0.4061162025973126,0.40248846703021024,0.3818387116667737,0.3907999603637712,0.3844045367617129,0.4119869822592332,0.43720588233410296
149,0.31535679556537194,0.38310320326046016,0.40762448916511645,0.4043194436560992,0.38073184140403155,0.3921773627766205,0.3868314059382013,0.4130604801319857,0.439162873299513
150,0.3179690795303938,0.38823881494951734,0.4041911107608149,0.40033994346574353,0.3786540934018053,0.3907876658068431,0.3858323387839485,0.4158507980845008,0.4410582580464244
151,0.309554997969795,0.3840048180037571,0.40211069216952805,0.39671083527281936,0.3863388086462868,0.3932618492867126,0.3902056892745575,0.4214705465630606,0.4451795821823245
152,0.30976282577917535,0.38563803610230274,0.40416221722387274,0.39608503256879213,0.38556625245999837,0.3986254617605279,0.39528266141595875,0.42787622366992684,0.4494621569709682
153,0.31192271628161816,0.38781769254554166,0.4037226656641774,0.39713211403249704,0.38710744845374123,0.40244003571654835,0.40094273009031783,0.43949348670425376,0.45346611398693865
154,0.3125779203966664,0.38908497647355306,0.40325251997763145,0.39036142065443485,0.38764886479486493,0.40337414824970014,0.4054847518473582,0.4439696066658901,0.45547557796455024
155,0.3121779257285736,0.39238555299078853,0.4094594128397177,0.3909588619790007,0.3871678715287691,0.4044312725042229,0.40953552750985833,0.4499760210015442,0.45964139257061476
156,0.3194828405218688,0.3987302936815017,0.41428903434702835,0.39665685889140945,0.38949144467494673,0.40950273424279465,0.4152116164093293,0.45463307949306414,0.46480456155360295
157,0.3253021629927948,0.40392573070224114,0.41370116407741053,0.39878388413414695,0.3920351160369396,0.41289330681394215,0.42111230557028667,0.45872912931543297,0.4697291774275884
158,0.33057686857037044,0.4131964146089443,0.4117556997868772,0.39854672003588326,0.39329107022790505,0.4158195722527202,0.4273389871880499,0.4603585839380145,0.47608504189668055
159,0.34170460913265327,0.42369376415765014,0.41423446563517563,0.402978143136353,0.3942193145142945,0.41863309692240525,0.4320066144489669,0.46301905574145247,0.48120513186996594
160,0.36403896373740163,0.42785386790324326,0.42059357726161595,0.40553772144207245,0.3963658419546773,0.42188451014556366,0.43794494596531813,0.4661446230264948,0.4881103438780125
161,0.38550722053088016,0.434583204587011,0.42765340681044484,0.4103580447741947,0.4015221703478401,0.4256013001798295,0.439939318259147,0.47020311761183425,0.494279413698835
162,0.3986386553505234,0.4413089148883123,0.43316894928499083,0.41438930457361906,0.409097599336234,0.4327808102708799,0.44284859053161113,0.47729295197533855,0.5020818715372193
163,0.4057669671670611,0.4461973499204597,0.4355398154965247,0.41778911412749653,0.4140752056123057,0.43878897964766184,0.4472437292864021,0.4841242972124812,0.5068380904562981
164,0.4145593116902129,0.44960385956780674,0.43762160171982184,0.41680851307885336,0.414932102498336,0.4416102188509846,0.44977506809645657,0.4876705594249107,0.5129410444230994
165,0.4165091072024265,0.44812697379510663,0.4316844349969598,0.4221617013670106,0.4205020587148235,0.4437817630549027,0.4514212688543709,0.49285637420650286,0.5170005331537423
166,0.4084147759187502,0.451716182879277,0.42509544021902224,0.42940233964283764,0.42329516308838566,0.4442716473078918,0.45298700772635253,0.496743157647351,0.5271662457167249
167,0.40437012746924406,0.4485169661972199,0.4233296163221187,0.4353239479234344,0.42760543135347556,0.4478029758625906,0.45711392567998577,0.5062993307311459,0.5365021867539632
168,0.39639646069321394,0.44374307532582663,0.41923849812552894,0.43961202941501876,0.4311586541806146,0.4498783774998313,0.46031866730794346,0.5138431884103782,0.5457043804709446
169,0.3924703397609603,0.4346202097210849,0.4129284577338857,0.4394408964475251,0.4338936386685203,0.4538765173081468,0.46542788120366413,0.5227128575951445,0.5523217392038308
170,0.3721270514124543,0.4246918556966932,0.4124028983718032,0.4418889885357345,0.43674947479269055,0.45659212556615625,0.4728622691034463,0.5306997940947146,0.5589683725226832
171,0.3652097193812948,0.41450828021110764,0.42202044445607834,0.4427194121669055,0.4422064671163579,0.4611897948146756,0.4803243497170791,0.5378723926500244,0.5656175678604535
172,0.36186519952780793,0.4127014186539689,0.42865804442047606,0.4483816081667677,0.44809723644378746,0.4682059811657644,0.490032174776234,0.545873469042385,0.5702337167942972
173,0.35509415363431424,0.4026559484471543,0.43486486127281465,0.456090340127803,0.454478812578167,0.47626109286963664,0.49800699099989154,0.5546480124627593,0.5791642599199335
174,0.3501783794922356,0.3923108206028261,0.440427042819311,0.45981475014777184,0.4635726763953948,0.48549161887288883,0.5093395262073116,0.5640025894384477,0.587609442016878
175,0.3517256713923675,0.3876947443229387,0.4472020913021818,0.4650170992113989,0.4669828538764292,0.4975616012860099,0.5200545654145936,0.5732280793139868,0.5964321905257656
176,0.35447211638277654,0.4002587409302237,0.4517979848181041,0.4732760906190043,0.475682691729156,0.5083974385307747,0.5293580638111536,0.5821875395232516,0.6031024514428868
177,0.3628633562770615,0.4031280332071377,0.46014465848637104,0.48168856486621237,0.485970863749312,0.5201507313592316,0.5395692734847346,0.590519893138271,0.6111860088808843
178,0.3720063636920122,0.4098892800261967,0.46509680594659075,0.48991757452739265,0.4984005967429466,0.5317730458317913,0.5515845672618955,0.6002791556093864,0.6176913357316431
179,0.37309639403276557,0.4083642434999791,0.4674828896679064,0.5023017362119774,0.5084352610187285,0.5458370325805013,0.5635247325932689,0.6093381167158516,0.6258281017051579
180,0.3706312002530588,0.4131143356868238,0.4685041130136449,0.5161838308891725,0.5206316063792075,0.55953441352194,0.576675805526139,0.6189929822932653,0.6333234067934843
181,0.38084625734327854,0.42617356575349385,0.47125378775521726,0.5249212260930445,0.526649752855776,0.5688976858986745,0.586917799180908,0.6245079881205954,0.640382723030711
182,0.39119179654608455,0.4434806944482015,0.4764574678087035,0.5384254607803614,0.5329526327368083,0.5793275450941352,0.5969681854535754,0.6295572501081302,0.6463265523684906
183,0.40822341398997153,0.45333636832801655,0.48311659987719846,0.5508301632264732,0.5400707682822621,0.5919606728655409,0.607298163787708,0.6360865425745731,0.6519734669498929
184,0.41004273831704563,0.46735759809690747,0.4932641912923554,0.56446136361013,0.5549911314011761,0.6039053346703563,0.616909069731648,0.6435175050309125,0.6561861383370018
185,0.4225720881570517,0.4820262411388433,0.5083404915563021,0.5792675284566257,0.5676752255392302,0.6165491012024903,0.6259017708231054,0.6521887062079871,0.6597738216457074
186,0.42132264076593506,0.4960206739494251,0.5184172182089981,0.5940093976268083,0.5812640404009649,0.6263966091431408,0.6327298340670302,0.6593902146041182,0.66227009554222
187,0.4252263983812446,0.5025191642480578,0.5361727848210631,0.60896220555589,0.5942576071992565,0.6345294124043491,0.6416729537070333,0.6663799949057615,0.6646913842644286
188,0.422330959246909,0.5082203407674161,0.5599923305569889,0.6244484382446093,0.6073616437985836,0.6437361232065247,0.6519204530073637,0.6732446694126827,0.6683867878523919
189,0.4229051515876618,0.5124393035118566,0.5847612446539501,0.6425151013302517,0.6220240463541143,0.6540587036652254,0.6621399332700851,0.6801302124574499,0.6746079195160855
190,0.43165648342978213,0.5172815606243658,0.6087782187859287,0.6586794535685869,0.6356593985667721,0.6646995903914311,0.6723425801888863,0.6880186450142616,0.6821550365439951
191,0.42778223760447204,0.5032691554263995,0.6240230362078897,0.67126002607162,0.6467425761857084,0.6741205973346821,0.6775946923089758,0.6921386717538951,0.6876904279299139
192,0.4296531906069882,0.5117773361050014,0.6359572336663168,0.6834060718620819,0.655694920300323,0.6823416803073404,0.6803671030089202,0.695873468491007,0.6936632621260533
193,0.4183400887802323,0.5091089485576845,0.644202915723905,0.6982328855267765,0.6672271870062024,0.6904709084444746,0.6845698193287453,0.6989318152765903,0.6993596792101201
194,0.4131608422741738,0.5100837088949929,0.6621057663053513,0.7144196695933905,0.6789174932985813,0.6991589811744673,0.6886166050003103,0.7043642431728182,0.7046786091654406
195,0.41509933677762223,0.5203842957276342,0.6740727112532672,0.7251042951767137,0.6847946055241979,0.7033152972605908,0.690815695128004,0.7082675241431696,0.7073477103586561
196,0.4145329840262441,0.5096773033821701,0.6850648195998364,0.7370049325374523,0.6931806822114339,0.7068777343744571,0.6949294721101096,0.7101260705731174,0.7090050162723328
197,0.4049608084073613,0.4884373446308317,0.6906821476300679,0.7396669548021019,0.700498283139197,0.7091882037476179,0.6981737983801193,0.7110247799237944,0.7097904076275557
198,0.4192606218290715,0.4648582438010496,0.6869201653816311,0.7432294462459397,0.7058067516938705,0.7107415945251335,0.6998588947878818,0.7121674078025197,0.7103342319678364
199,0.4372696407923806,0.45754353858883456,0.6874692327853716,0.7462498890087451,0.7120493361902093,0.7136059111104347,0.7031299988174644,0.7128279426581792,0.7119165782360548
200,0.44116172477409216,0.4510208141090992,0.6841377533040054,0.7512570937218119,0.7162934498726211,0.7179072365891799,0.705473058702449,0.7136013469404128,0.7143046171068405
201,0.4313372423635151,0.4391472242573878,0.6682426808976263,0.7503025834144131,0.7174003971263475,0.7225748424950501,0.7096688093895963,0.7158927981120194,0.7157417446761513
202,0.403131747894236,0.4162538830319432,0.6475940840186724,0.7504672598954724,0.7183508428341067,0.7265420729492384,0.7139304260542507,0.7180948885622949,0.7159992731056701
203,0.3866385842038278,0.398748204897213,0.6336790793724686,0.7459136273988747,0.7176083299491701,0.7296770368594624,0.718557215844416,0.7187031780761485,0.7157635085633458
204,0.3726893737099793,0.38345533670986637,0.6115634168618416,0.7353040107053082,0.7108859051874319,0.7297543085251726,0.7210016278713912,0.7193262835448877,0.7149591835635559
205,0.34197000926677246,0.3640236843942122,0.5930042687409689,0.7224056015034958,0.7103238174250205,0.7295831382827542,0.7236569091236539,0.7194862285939329,0.7146246159295749
206,0.3275363084296415,0.3461476782578483,0.5806962452725568,0.7100648522261143,0.7016498839005941,0.7278852143236713,0.7208507602350942,0.7172967206099274,0.7128702220770217
207,0.31231621833909196,0.31606420663310203,0.5634344588261471,0.695820673945232,0.6977184982526417,0.7253384553897325,0.7183810445607417,0.7160696454276178,0.710860305378025
208,0.27677082628071,0.2947876830562493,0.5402573009400999,0.6824756199554842,0.6912927540921043,0.7227957484343831,0.715459965605507,0.7137920698587497,0.7102412863542632
209,0.2455120682649487,0.2779054862399744,0.516078215953883,0.6652708394274954,0.6853843832717532,0.717677362675206,0.7110822616424282,0.7115849837255185,0.7093037349883891
210,0.2198099727519459,0.25679556828938516,0.4888697904976932,0.6486900594027282,0.6747686359910186,0.7106801304478079,0.7044602751927957,0.7081017215031665,0.7077860151756206
211,0.21234296553923732,0.2483674133490763,0.46568840770456904,0.6302314530423139,0.6690808967466642,0.70229948197479,0.6967296459872825,0.7039148829629545,0.7046289923453425
212,0.21745306177513246,0.256242679316471,0.44269498450650485,0.6147665653963699,0.6617613723413348,0.6927105551225287,0.6863586096450345,0.6977334574037323,0.702618316716256
213,0.22508080251004953,0.2726142788951975,0.4196024915100165,0.5965377410293343,0.6547638021230615,0.683164806808035,0.6786313951584126,0.6959990814563981,0.7025838504899512
214,0.22737011951617406,0.2686966860939926,0.3898338176053039,0.5776255636333478,0.6404601058871482,0.6706344221487909,0.6685820565717376,0.6900302957643043,0.6991933671727953
215,0.24466791914522074,0.2640012339553298,0.36574391813222473,0.5602125391834389,0.6296805661933645,0.6586914124507098,0.6586935829364988,0.6840439279391273,0.6967060137491479
216,0.2681886784496526,0.2639388524291727,0.34545326988705327,0.5484675160530894,0.6185023674654458,0.6486468294796315,0.6481175129116435,0.675222995536927,0.6932317152011944
217,0.28258925251924677,0.26590615890579317,0.33596956703003833,0.5375039170498858,0.607456222451315,0.6384963205102847,0.6407986495859805,0.6720577421937969,0.6900677341819924
218,0.2984094594907053,0.2696435514749611,0.33515993361370505,0.5252653372709196,0.5946593556320142,0.6255707512970676,0.633622115187214,0.6671499150552125,0.6873822089320568
219,0.2966236603221331,0.26999228837694367,0.32823947650593394,0.508211662712441,0.5800635327990715,0.6131378041628005,0.6254959655687417,0.6630810283435674,0.6841750270876902
220,0.3047343476948198,0.27404280528392283,0.3249384012625161,0.4980240209713781,0.5673177555115317,0.6029876693153693,0.6183258603691796,0.6577586749422466,0.6802146083168757
221,0.3040469591111982,0.2806793981565162,0.33757359383170915,0.4865389897793628,0.5553927192443944,0.5938009339679102,0.6099306241359258,0.6526714978480498,0.6766115814375623
222,0.3080097145283035,0.290407683079721,0.35351554213806924,0.4803188427175369,0.5444834859196849,0.5775214598317882,0.605188923205086,0.6487585413892122,0.6750125466277116
223,0.3087114826779361,0.29682598402770993,0.3632527266617249,0.47082076687574037,0.5272466651296468,0.5616249679384601,0.5990825583383346,0.6435069589231741,0.670496996909865
224,0.3096162494770804,0.2997788708175099,0.3671163466302079,0.45755326362708404,0.5097673134801377,0.545048169277316,0.5932407661697348,0.6375829140810817,0.6675368107238192
225,0.3003252172564023,0.302377089763484,0.36956826217458627,0.44570300795871753,0.4980165815481586,0.5351713682723316,0.5856890630251929,0.6319155010722766,0.6641224372648631
226,0.2790034044027954,0.30290905092130604,0.367613753668805,0.43602170437688037,0.48674215835154766,0.5207813528826715,0.5778261906244166,0.6260460424353826,0.6602255786589669
227,0.27524630639122494,0.2984866433807772,0.3649939894377005,0.42708322651020963,0.476155805357732,0.5120629432585628,0.5718476906344542,0.6213647336020293,0.6567954824905723
228,0.2771670701965759,0.2938292761641248,0.3623987850265783,0.4224649960520952,0.4703642465900443,0.5044438546212341,0.5666755059914717,0.6175853213508945,0.6530059172907835
229,0.28787365792212044,0.2898529445823292,0.36011584506942923,0.417521749519986,0.46227403977851367,0.49812315315554273,0.56120516803962,0.6149856122687009,0.6488711272820485
230,0.29189236710226474,0.2876546791103098,0.35901056324669883,0.4170623297501417,0.4584027416089501,0.4938012454585027,0.5573336714727428,0.6135224516456478,0.6450806390511831
231,0.2927010516910899,0.2842469614075135,0.3578992734749266,0.4192908622203715,0.448557302350238,0.4891739620569763,0.5535576252309667,0.6117468348363643,0.6419016419682388
232,0.29073859172485417,0.2904106294107949,0.35723074709580416,0.4203961966959745,0.44327302175741934,0.4816277327484602,0.5498833008609678,0.6094035310346058,0.6380479984519334
233,0.2849684173723702,0.29116882373903236,0.3626015123666686,0.42185063562311853,0.4393507523442778,0.4793610728515778,0.5457415924146625,0.6050720847333682,0.6337062396363949
234,0.27992844150092305,0.2954437217530257,0.3627233874379789,0.42293285415066684,0.4383007651822581,0.47386256833213797,0.542914237312638,0.6001252318681908,0.6294207942023698
235,0.2814114121167456,0.30002810586998324,0.36280170163933023,0.42492538575374433,0.4350437315612446,0.46973944713080645,0.5419334562014413,0.5942087823719786,0.6239184119068389
236,0.28517414205599917,0.3026764752769313,0.3620706334400055,0.42219958603139013,0.43546572365427344,0.4638041988456741,0.5388765567807783,0.5884118792944636,0.6179081540729102
237,0.2826759733330288,0.30255048562921866,0.35542316121823214,0.42096077861668585,0.42799890410314906,0.45575255122785974,0.5357393221048931,0.5832823279015209,0.6111378629287294
238,0.27849086365032205,0.3022561227904417,0.3545484722442672,0.421151540167608,0.42168079095669103,0.4508107128529408,0.5298021921255798,0.5770249723678439,0.6047649113045271
239,0.2726050345906078,0.3043072046288546,0.3559774625478195,0.4209858100022847,0.41544365924355914,0.4494758965199284,0.5247438870234086,0.5659502718048833,0.598702397754684
240,0.27651829313933635,0.30512835947275885,0.35881252494596855,0.41909035765482305,0.417064588939343,0.44997297291242017,0.5200286777755825,0.5604348011283209,0.5934649322049595
241,0.27862418115587695,0.3086720718618656,0.3528070612278091,0.4123829647053268,0.4138972445927362,0.4489264022262765,0.5151423025800731,0.5541192194444393,0.5905951696095361
242,0.28692705251570094,0.31045942488850836,0.35096907008938827,0.40323842768331536,0.4111070662090277,0.4472113660291219,0.5086449238038534,0.5473263870374296,0.5876705713568814
243,0.2965359660951232,0.31562760218741864,0.34593458246280007,0.39830912570935273,0.41297039484635106,0.4446954593538164,0.5039361433430846,0.5412082661611733,0.5853837652454338
244,0.30552901094798174,0.32554305997329985,0.35299474928416147,0.3956479305285952,0.4182823766703478,0.4430950678488796,0.4971837589898015,0.5373314388211843,0.583449071771244
245,0.30733037193511403,0.3317195890093196,0.35686106363742376,0.3937848311278308,0.4220266514127068,0.4402248034552477,0.4928766786450887,0.5346688717965792,0.5834547161345816
246,0.30193321268411666,0.33336441574444936,0.36283735829833913,0.39360052102948506,0.425163414472524,0.43927349396223625,0.49159329944170593,0.5345403319091058,0.583080267060187
247,0.29596215874297754,0.3362219359839473,0.36247641078123694,0.38829490793696486,0.427128113307239,0.4348612479253798,0.48757068456896197,0.5298035207393599,0.5821207813859949
248,0.28607504472779277,0.33138056422225026,0.3623284193401469,0.38765692721166095,0.4244083456938565,0.4303832427072326,0.48190940706203633,0.5305185533086478,0.581180216513375
249,0.281291869047673,0.32872284906335114,0.3618681406229192,0.392985695060241,0.4230461966156928,0.4259201728978908,0.47513175855622275,0.530488270785646,0.580682971489768
250,0.27441929041580604,0.3243345382898998,0.36395208772702325,0.39370743865647334,0.41458181373717573,0.41868358732364575,0.4676954539055738,0.5289151372999268,0.5783979807275825
251,0.2632066796364259,0.31516599397729583,0.3637693859433857,0.39382706386237765,0.4079360331900132,0.41218824351795663,0.46499543522400677,0.5308028676792831,0.57759283966964
252,0.25005959859522375,0.3065126402348351,0.3642281529649668,0.39310861045421985,0.40017670987663095,0.40698388302641164,0.4601333791896566,0.5321542884911163,0.5766299305545104
253,0.23456873570243122,0.3012004551296031,0.363389539195418,0.3898842932404652,0.39729356405075766,0.4025566113696175,0.4550308895696227,0.5329880896074808,0.5755134569360187
254,0.22835662863176015,0.3026672823052872,0.3706442512451281,0.390533707857179,0.39722222985338196,0.3982073461154453,0.45382083258763545,0.5354518134430964,0.5755942309311883
255,0.22601085889940328,0.30302297766168385,0.3728559515092499,0.39207514888234596,0.39296701038893395,0.3931195987800401,0.45332104639280796,0.5361825169400191,0.5756681954377332
256,0.22805575570117811,0.2978237536843053,0.37269045101107756,0.3911796773390189,0.3854357235117523,0.3867742749897395,0.4531775697599324,0.5384018312556843,0.5770460246123011
257,0.23029402313996936,0.30169829637527484,0.37513201620049846,0.38720792013188315,0.3798086383990433,0.3867429908861351,0.44960862075887276,0.5400808092162571,0.5775732977821669
258,0.23331594680365556,0.298645389925565,0.37448799215963147,0.3821504132148534,0.37077032867609533,0.38645230593582264,0.4484063666616695,0.5414155632395514,0.5777891878491752
259,0.23968895971595988,0.2995995820574931,0.36912968412120095,0.37623175749309284,0.36322498097518774,0.38797519184544804,0.4474146450554681,0.5426055669094942,0.5778761137894977
260,0.24978968754892739,0.3042335881234501,0.36445695084177404,0.36834066119018344,0.35524247937248826,0.3843836961752958,0.4454956929429398,0.5433840716573813,0.5770192220932406
261,0.2602359785647172,0.31237730594774654,0.3672005143332598,0.3673847933983435,0.3534085985380032,0.38416854753887064,0.4445470672718761,0.546634147200248,0.5779486740928996
262,0.27211342898982827,0.31747793409349073,0.36036282974332146,0.3618137355462294,0.35024253820777884,0.37912935536307507,0.4418971203376868,0.5440374676341136,0.5764036878259499
263,0.2915130341173945,0.3294246414848316,0.3596239835937496,0.3577538438811264,0.34885251867689154,0.3716543028997908,0.44239987838165595,0.5437036426954258,0.5748280336503613
264,0.3080688653318665,0.3358565866600515,0.35242834037622883,0.35464607038204404,0.3461952419293653,0.36462764763312394,0.44279187843572093,0.5416313050956204,0.5724733255068686
265,0.3186862894276531,0.33774989135225564,0.3501951482275022,0.3543408363874185,0.34217637171224874,0.35771136194717745,0.44318693301689915,0.5401141924250986,0.5704308607927674
266,0.3264628397171416,0.3379655386898693,0.3462668625705847,0.35377244500151384,0.3375401451269761,0.3497902698811833,0.44288535636320214,0.5374826278842504,0.5690031137551346
267,0.34679054375830426,0.3437305345736632,0.3506403323328435,0.35507634423260503,0.33634343717495546,0.3465394581237829,0.4393950828502275,0.5347677452857043,0.5680454519013023
268,0.36668501156737204,0.35288821756395655,0.3554620638781339,0.3533265402744534,0.3338074721709098,0.34057482479424034,0.43628468934281806,0.5320530770695855,0.5661732255183751
269,0.3830342335116419,0.3478414746699048,0.35998923696749713,0.3533753549737736,0.3316820614473889,0.3436219911697871,0.43290842198234386,0.5296089098388879,0.5645520887047895
270,0.38653688253855834,0.3464244447081283,0.36380128062776584,0.34497087305987234,0.3250898487174402,0.34242807251202084,0.42932400497544937,0.5268225585878967,0.5633944364554495
271,0.393269888584986,0.34472574483581747,0.3612951889710646,0.33521566398556424,0.3211022166920988,0.33919820400576384,0.42237288783367355,0.5235388897305092,0.5614789676181251
272,0.38681544432055287,0.33369650775065296,0.3589413944714669,0.3319277917135016,0.31615199715724124,0.33245347851025653,0.4150899678214116,0.5217144246543884,0.5594005254611251
273,0.3686688641812498,0.3242439081108156,0.35669386686754334,0.32513294807782067,0.30668993370756653,0.32336780548572913,0.40773369200825665,0.5123767120012667,0.5520244892153137
274,0.3530387360277702,0.3127450317407125,0.3497632091720903,0.3181988995283868,0.28961297870669644,0.3106903218900942,0.3958451987244259,0.501015081003487,0.5444783756435494
275,0.3319389638571631,0.29853523482557714,0.3437062882612784,0.31313246589882743,0.2723947647772292,0.29926642662054104,0.38398769018490136,0.489537679059383,0.5367929343715468
276,0.3172788209302679,0.2889315198831229,0.33811367461282854,0.3094562897465062,0.2555979344201314,0.28754710053867905,0.3724581978376377,0.4781347841070343,0.5287268264670812
277,0.28886009076665575,0.2746867728267629,0.3313325371479898,0.3064263532033177,0.23976051140439839,0.28083636602010287,0.3612549282581939,0.4671186903092548,0.5195333082370703
278,0.26182554186914825,0.26190789853763957,0.321882275740692,0.3047781507199717,0.23077746025268292,0.2705666658614516,0.3541876076264072,0.45871797520651303,0.5120516899872343
279,0.23884702453504936,0.24996977166374676,0.3219033118851539,0.2966464687718955,0.22231667020639106,0.2613673943201933,0.34609902578690305,0.45249981405289474,0.5057046381298338
280,0.22250111641431544,0.2457005752162019,0.31787727394926957,0.2842669656450621,0.2202889963098742,0.25692574273225127,0.3388182826018556,0.4478601120873999,0.5024058089270197
281,0.2085570349844385,0.2458589296831468,0.3110957499431732,0.28012350698805694,0.22063578617531115,0.252294610804175,0.33480929577550833,0.44607677576671967,0.499381598495064
282,0.1994219363176428,0.24005907797768009,0.31083734584912087,0.27999112564924666,0.22085855761730047,0.2518519932421848,0.3347831791955831,0.4420574831834092,0.49709841047384823
283,0.20327565199069367,0.23323660121249593,0.30772670123649715,0.2797877882417527,0.22372276867438706,0.25254289440990696,0.33059440362258596,0.43928136426902387,0.49523116857507854
284,0.1998779079107986,0.23382152173328635,0.31008532071025846,0.2818534659899527,0.22402901515073032,0.2529316513846003,0.33086639155164155,0.44155267414974336,0.49357326496621406
285,0.2091085967160471,0.2313529094041952,0.3126268526377015,0.28592930068094113,0.22530103786734965,0.2575835325023378,0.32867448256921106,0.4387889057471126,0.4932885594011115
286,0.21396593956882975,0.2329436432636752,0.31260009729311994,0.28905069350826035,0.22621284326531627,0.2583585818386792,0.32664613086826055,0.43688509666132036,0.4935715694810961
287,0.22139407240833328,0.23395969353943347,0.30819495910297007,0.29192243224088127,0.22520212969285844,0.259535090221796,0.32447951133599584,0.43603572717025363,0.4942551317546879
288,0.23356359993683187,0.24098990504469356,0.3054551918594754,0.29222977211826184,0.22622084399546033,0.26047857246859846,0.32394598241358036,0.4349773606080221,0.49398035540688995
289,0.2352990406078576,0.2430397254066962,0.30149505375341223,0.28712231362742757,0.2268927385164289,0.26229140745621443,0.32747847095862864,0.43415987442632953,0.49333494655806026
290,0.23638049138928446,0.2482944579325403,0.2958275070747948,0.2811451199556585,0.2271169971833025,0.261635265271452,0.330178875972872,0.4323523119841993,0.4913019192303538
291,0.24062752276205926,0.2550540745561374,0.2936446136206686,0.27704271993425283,0.2291205802116106,0.2622621240536087,0.3292993253682013,0.42812951238304686,0.4875850005333591
292,0.25489959241406335,0.26932438582526425,0.29124188813588786,0.2774185950415637,0.229491435679304,0.26556153549886763,0.33416101318649427,0.42911763636655464,0.48479571666874627
293,0.25946093054567,0.2821869920853394,0.29057967729496215,0.27247651737346734,0.22720976212661534,0.266647106139664,0.3376210301595799,0.42577888503126454,0.4805551713192459
294,0.2641823099330026,0.2962203674305771,0.2914621435654037,0.2686107174438807,0.22520433129929032,0.2655495519712069,0.33998407275357506,0.42296078342035226,0.47638739098026106
295,0.273142831237337,0.30682374374798616,0.2917580030540707,0.26939880054778625,0.22317175885427,0.2631534981772328,0.34151198405885574,0.4218224511383361,0.47142299159496104
296,0.2854317633253025,0.31673789720270284,0.29679485850433224,0.2705871325633247,0.22522341434587656,0.26418513357879664,0.34408087012204036,0.4193545183151556,0.4662609214244911
297,0.29256459454974193,0.32416062915268556,0.30262256694351014,0.2737054685076139,0.2255598602322345,0.2645440100790689,0.34709376623450094,0.41624194331628955,0.4626049726929966
298,0.2998275666790882,0.33287792886302725,0.3123634684905363,0.27699433662844114,0.22685569673036943,0.26564403337138787,0.3479401390460789,0.41360313771319945,0.459001948113743
299,0.31107100566283724,0.34381575908799866,0.3166762244688916,0.28178211303485645,0.2261189755061845,0.26897037597095796,0.34853641381377054,0.4103682113020243,0.4546649191437953
300,0.32468541183063154,0.35163892642936745,0.3236810901633046,0.2868377448065582,0.22935016161241226,0.27366690217664263,0.348040250213202,0.40792853187709427,0.452753811944654
301,0.34339286342806435,0.3577544109140655,0.328982068807406,0.2898608211937401,0.23255656972280245,0.27915572933828847,0.34749913544241284,0.4051816985476974,0.4498007252130895
302,0.3511485461400286,0.3677963440837342,0.33309003915342117,0.2892920118035023,0.2364767216626056,0.28402692890354886,0.3432552884372487,0.4036452966985164,0.44723353017450945
303,0.3549830995740217,0.36941393911653286,0.3311681144130149,0.28861804861370555,0.24003125181256188,0.28906231992442427,0.3362577475359562,0.39944497272722496,0.44715396955024755
304,0.358769246081901,0.369304101476641,0.3287137337441358,0.296044618724815,0.24885430838960332,0.2868236465256205,0.33023192449619937,0.3948741804716249,0.44148535956456475
305,0.35166727858771774,0.3592793804889652,0.3201265378092736,0.30132801160517486,0.2563280400329531,0.2857192915278394,0.32754049647161737,0.39418640169541264,0.4403605590934619
306,0.3443099823347051,0.34883279093003505,0.31177872465833717,0.29981667088448216,0.26461549756468666,0.28402303426838743,0.32520794891175975,0.3915191524853478,0.43984948381105404
307,0.34169472676712787,0.3354276014205417,0.3054075529300947,0.29755454217054417,0.2773585103317332,0.29358406639012835,0.32623295677181946,0.39192102091454467,0.43891309459632494
308,0.3286351844649475,0.3191897689529679,0.297347832649964,0.29668776566562466,0.28745398410283557,0.2986950525382109,0.32551211089031196,0.38958728884062294,0.43794088879507903
309,0.3140032912307265,0.30405350547396337,0.2889608589801791,0.2965158453197822,0.294735727542586,0.30751647610787236,0.320748621793386,0.3846155767449092,0.43270780069752524
310,0.29991180097461867,0.29020624776958126,0.283098501667329,0.2979264258744567,0.3039923471135777,0.3079919204199512,0.31495888390568805,0.37918108153925706,0.4279802195811903
311,0.2733681725951683,0.2759876825486509,0.27966821509934925,0.30081879631272973,0.30855971331388937,0.3183834242526716,0.3180497738741697,0.3765369003688441,0.42876686064262315
312,0.24905672337923462,0.26847508854183944,0.27762270379679654,0.30438219532860156,0.3093619563343283,0.3147238881216211,0.31580614430686127,0.3715639452220519,0.4283238993235459
313,0.22961472142039088,0.2535901791750336,0.2740913853269123,0.30684347253612837,0.30818707265862055,0.3224468100755529,0.3179358361937606,0.37172529838385066,0.42809381788357465
314,0.2160486222759185,0.23621450195170582,0.26919828118276723,0.31352979545438375,0.30482210134052573,0.3285634495537121,0.3253615982384502,0.3696714441604845,0.4273753959293709
315,0.20390450370743926,0.2235420259987939,0.2652966690765881,0.3176155808599079,0.30081740794440276,0.3304379205356063,0.33079242942807197,0.3690781782300646,0.4285604173101295
316,0.19415604510599907,0.215485627525598,0.26126276877489835,0.3193903334612912,0.29989726219813817,0.33241278007483616,0.3373081058950874,0.3673017303949485,0.4293476656510232
317,0.18121971752540014,0.2028655774246652,0.25630933236263215,0.3174083528067593,0.30080858967876173,0.33504014112879016,0.34289874053846037,0.36323720768853895,0.4298911475618259
318,0.17914450325937875,0.195480340101972,0.25321405719844325,0.3225727722068422,0.3040973820959102,0.33674994101519845,0.34938602475117325,0.36842050193351433,0.430334193989802
319,0.17764140774984852,0.19631350008974552,0.2512042228554836,0.3287331684592714,0.308694315138817,0.34061550293822235,0.3540752930064266,0.37381606668069245,0.43124385638642915
320,0.17621153464680428,0.20320714050743777,0.24815887195441752,0.3321304113005542,0.31173311445973456,0.33977965574628016,0.35759265867948187,0.3817695479191119,0.43175337869739133
321,0.1809815624976883,0.210679317537904,0.24187079599998645,0.3295062420347746,0.3127508673215408,0.3403261353049516,0.3569851504608197,0.3913767459022044,0.43229519959172097
322,0.1852821626871884,0.2195391903136666,0.23990356250847258,0.3301640783688309,0.31429718216057784,0.3414456102904092,0.3545742789989589,0.40031943161438577,0.4321445093659817
323,0.2017075632189825,0.2382028569104639,0.24411595120353685,0.3331247603828815,0.3180652154921045,0.34502792902581503,0.3571081119249004,0.40905587388874315,0.4380008674077682
324,0.21277111374233063,0.2537036149212169,0.2459745892226648,0.33407429671175026,0.3218349125938304,0.34469906990248717,0.3553845466411419,0.4158457897292825,0.44345056552518114
325,0.22762786671998708,0.2633314063572775,0.24378229882680175,0.33322004926390264,0.32578952240586095,0.3464541459195219,0.35495993295198797,0.4211171576414569,0.44885563607314116
326,0.2581071969701624,0.2734178840563267,0.254529982882253,0.3343600933831434,0.32630332468829565,0.3467670274127508,0.35702070948213543,0.4239332949189301,0.4547633446996777
327,0.2898122010520846,0.28797562905563273,0.2654953193689794,0.33942142757812477,0.3267975397568646,0.3447981252118426,0.36497788086089,0.4281475188392534,0.46076265147434237
328,0.311970744972088,0.2994972434695868,0.27320820300469795,0.34411854483124393,0.3265704518107126,0.3448716341155017,0.37314717472219106,0.4326090088221154,0.46576253870613116
329,0.3452858691622482,0.31904854554132894,0.28688978932386416,0.3496827239430267,0.32856730853205046,0.3477008752807557,0.3780491613804258,0.43689317093985636,0.46992351345067296
330,0.3612389754525511,0.32894758321508005,0.2983027499032648,0.3525365670488595,0.32787068417395926,0.34714480895461636,0.3798413232868503,0.44165761939065623,0.4718093712214766
331,0.37999366674560264,0.3336165354229418,0.30820337094527095,0.3557736891555228,0.32388409538481244,0.34753410103217375,0.3841382717489804,0.4455065042552005,0.4728488682878355
332,0.4025612125543869,0.33983577389528125,0.31554207049592276,0.35795027478255514,0.3221846072714577,0.345829417404744,0.3823419822822875,0.44472729166312563,0.47341762388869696
333,0.4177866897756686,0.34754161427673663,0.3226809635075944,0.3578336160004063,0.32124489258870775,0.34407648599745183,0.3814337311023868,0.4432647657540519,0.4702285996389574
334,0.42252227798587283,0.34432031454186945,0.32778939717830674,0.35387367231949457,0.3172443677311969,0.33962701867028494,0.37648634481263893,0.4386791254009209,0.46710827461720217
335,0.41160440341765747,0.3436751678619162,0.33242955155216153,0.34987145223502414,0.31406689875089583,0.3331711983642627,0.3691447367628828,0.4357877662736652,0.46537451838275595
336,0.3801142500000275,0.3382417466995509,0.33515761407911165,0.34246509091154825,0.31173290786496916,0.3239049934937233,0.3606547385672488,0.4286215652042502,0.46055228640976126
337,0.3445066025730938,0.3291543353555321,0.3359325297899968,0.33265615114193614,0.3036623051398431,0.3176138813738263,0.35382266080459196,0.4233212173602541,0.4587775174252161
338,0.3185472161121894,0.3142466086946566,0.33094323251251484,0.32791457976270777,0.2952641468374637,0.30676847238388655,0.3434260257734532,0.4160318624369401,0.45702778780521214
339,0.28042581880651174,0.3029475981499585,0.32478581563760806,0.32021526123560506,0.2890137461963276,0.29720726955403937,0.3336886314341208,0.4089016123671003,0.45568777253993153
340,0.26111953844841984,0.29805656232780764,0.321147618662953,0.3160195990578007,0.27919764297792554,0.2889139519895239,0.3247086107656021,0.40225264350323053,0.4509745902198947
341,0.23811307106972718,0.2969852990822119,0.3203459978502095,0.3155550684265645,0.26937834562458574,0.2860869910542973,0.3164075318998255,0.3959906584253353,0.4459142694176046
342,0.2116106628277748,0.2839815172245814,0.31595565228266836,0.31494346978206517,0.26300004822915757,0.27634376847487646,0.3101188587624331,0.39027868833064505,0.4425956916126274
343,0.18696821207651065,0.27634062717945723,0.31163876022786857,0.3097422066089615,0.2570892347268035,0.2716736697656562,0.3092058174734315,0.38460630207761837,0.4395792081064674
344,0.1747939952448337,0.26120853340587197,0.30444008540462686,0.307363226790636,0.2616219565462695,0.2687115777921652,0.3085991588651349,0.38306520114207804,0.436982938199112
345,0.17734145716284427,0.25310120965335414,0.30694919130578985,0.30777432093235696,0.2679888448813271,0.27321069711638296,0.30581803762820164,0.3806296629126807,0.4338108762011677
346,0.18651871710513873,0.24718738764982193,0.30269043551155556,0.30594620426968083,0.2660777214058692,0.2640279832649064,0.3036423150621574,0.3778046760774415,0.43184875050958255
347,0.2051692159556106,0.24669237336623132,0.3011944042329605,0.3026067868638658,0.2682724954966129,0.2682735427914771,0.2993556154937312,0.3749176937216393,0.4292927797429893
348,0.214474801614509,0.24611517455199422,0.30447881319120973,0.2967295388201813,0.26697699198173835,0.2660345788858377,0.29619914298404076,0.37350475542011374,0.42707689595702997
349,0.22871423239797947,0.25073403432509245,0.30326500485562546,0.2986388355052833,0.26030610589427505,0.2674001310988847,0.2972167139605552,0.37231344465849014,0.42495884135349393
350,0.2381792992318807,0.2544969306865064,0.30152971409027685,0.29803648010408423,0.25435686672534297,0.26651788681146693,0.30089130952223864,0.3673548641804284,0.4226276608365763
351,0.24658234093886908,0.2612309374798695,0.30067106215367334,0.29194141894072745,0.24708081987422467,0.26276415548345694,0.29601891092632804,0.364620387821836,0.41885593576584434
352,0.25266291347842995,0.26742774171172384,0.29974920532837834,0.28378062239683394,0.2383925067601887,0.2580170998812997,0.2982485525874353,0.3597242948282706,0.4160230127600129
353,0.2565798261823372,0.2756317286497329,0.30275526328839336,0.27533354605805793,0.23700704422656632,0.25734663320882606,0.2970407155657586,0.35539452766461105,0.41114595429538675
354,0.25731901166736704,0.28378370720959606,0.30794362967033845,0.27188452988674094,0.23479165847096914,0.2553769134458263,0.2944541008768199,0.3558166343152156,0.4121418087424991
355,0.26464769253650744,0.2941478564690462,0.3136052159614465,0.2738949524613419,0.23291079134818463,0.2525159758443466,0.29350078491340026,0.3562646684387554,0.4093451168614694
356,0.26768178615279253,0.30020775114958037,0.31581717452630576,0.2724957910331648,0.23198271406403106,0.25272366094594545,0.2913272893683342,0.3546349743139668,0.40604100243023455
357,0.2665904040311496,0.3091970473928574,0.320458360718335,0.2734899807140802,0.2315771308025922,0.25145227997188363,0.29094449556108715,0.3570723649427967,0.4048833592082542
358,0.2853075911508203,0.32033183904763407,0.33054043732902183,0.2776592279296665,0.23262372460999098,0.25003246161932885,0.2890693260488896,0.3538368702189946,0.4018267496441847
359,0.30025391997134704,0.33123468528262906,0.33884959233707995,0.28593224189923316,0.23501118866042614,0.25384415630280843,0.288290025724912,0.3551635396393245,0.40440516642026736
360,0.31454277844590084,0.343934689973182,0.3471415372582203,0.29038658688424007,0.2376788506212349,0.2548451205865341,0.2868413456246475,0.3540238914843736,0.40443965535180754
361,0.3199619676835236,0.3533464556905317,0.3532389712758643,0.29717927085720525,0.24301095237328066,0.2554855509392793,0.28732230539513626,0.35487137900192345,0.40245955648314735
362,0.3339118482476733,0.3590578468732864,0.3600759823098243,0.3047097710642445,0.24532020088486675,0.25473472436060574,0.2876571896776713,0.35652848502829293,0.3985642402429586
363,0.35122429902846847,0.36398827109745113,0.3674984491254639,0.3036592136749503,0.2473698090353387,0.25311075220451223,0.28505788194353476,0.3557036558679062,0.3970742880987015
364,0.36701292922551476,0.36422506512869846,0.37679619492686933,0.31068760233819054,0.24919826170216244,0.25118638138691934,0.28629530988136365,0.35439089315159267,0.39503275959731693
365,0.37794719487891626,0.3654408761544879,0.38396100901198876,0.3171325053319512,0.2463286825267683,0.2515211264073555,0.2856909561484629,0.3487333479933752,0.39264370094637885
366,0.3783368700849882,0.359228382915295,0.3862731218643466,0.3205275453001273,0.24668048176914234,0.2487147858501615,0.2835987135350234,0.34208754130795077,0.38792504901149427
367,0.37133576572010646,0.3572564645160787,0.3831086035980421,0.3213739046364203,0.24746182574886752,0.2463138039264168,0.2774198192852141,0.33435845007230897,0.383808886356601
368,0.34895966141487034,0.35202389271546664,0.3754963167935545,0.32365768554103824,0.2515433167093931,0.24680531096369077,0.27099160127601213,0.3281124535414274,0.37943373550367376
369,0.32279907069122954,0.3441926577556051,0.3711301127772983,0.3214775431233645,0.25808783604717583,0.24826753677452845,0.2621854086379968,0.32364190319284764,0.37754493072268525
370,0.30062628935610847,0.3370607046882393,0.36924629696773376,0.3144774511258146,0.2619339986880994,0.249934228408478,0.2580074596754548,0.3171534660778743,0.3763587594940258
371,0.2889246207661306,0.33027656656975585,0.36754710442816074,0.31571946955719027,0.26585611613206467,0.25578416397159004,0.2535653850685165,0.3141581413218392,0.3748691832310394
372,0.28395954927859135,0.33038664987484984,0.3691879352815837,0.3155457209700769,0.26762124726961667,0.25885224891361247,0.2519059432753165,0.31192444638053307,0.3742909689724908
373,0.2677549340030657,0.3244518562038227,0.36557635251702114,0.317978434046818,0.273757605483403,0.26576152876741194,0.2542747776741462,0.3101094318879264,0.3738896177516517
374,0.2455517724380782,0.31701179521744444,0.36129376867637875,0.3137288679235873,0.27367914981053953,0.2702461641469782,0.2563973961052852,0.3083595540317003,0.3739024999707614
375,0.22691180769757616,0.31055585703431493,0.3553441337846609,0.30990710018408957,0.27325176482089497,0.2728316646680608,0.2619789946189556,0.30817306572080927,0.37446279149924533
376,0.2202421845476384,0.3048463773780601,0.35115029988660496,0.31218027185904296,0.2783829383867875,0.2782929171249883,0.26963037490964986,0.30803752486241837,0.3748930579091167
377,0.2219325366005557,0.30218027443575657,0.34827997713864206,0.3147018777772797,0.28017183799319406,0.2821290760178277,0.2767359586243895,0.3122583477619468,0.3761135888528175
378,0.22977267212737784,0.3005590266590708,0.3449801033362016,0.32121064681355316,0.2830937446334746,0.29092663262539414,0.28753418223902016,0.31743366915502075,0.37740673024457666
379,0.24739399821450636,0.30522003333156705,0.34368900351102677,0.3213893407377967,0.29249210267467884,0.2960621230352891,0.2993156890184196,0.32485664793474406,0.37875704542725047
380,0.2612501269874506,0.30774336721868784,0.3402511452090115,0.3173935928073624,0.29716147004299365,0.30092861265462145,0.31147679993555916,0.33092236134249015,0.3791570819402244
381,0.2699566913720372,0.30788723213095126,0.3378430060500229,0.31914203674698,0.3068831864819938,0.31030842994751084,0.3222152114136003,0.3406285880891723,0.3791154371064037
382,0.25988131035451445,0.31025046153145086,0.3353305378587913,0.32124405608627776,0.3124302754415626,0.3174964690845272,0.3333634755567285,0.34773914968216124,0.3794312473512819
383,0.25834835997926486,0.31721762766779465,0.3289654894594438,0.3227647483774227,0.3160371906552485,0.3250809817565923,0.3411771758229501,0.3579482749346566,0.38404891266254365
384,0.26930980052470066,0.3262816752264156,0.3291266414184194,0.32528671282765786,0.3234820076802355,0.33176980926561267,0.34862010047986813,0.3678154969107256,0.38854834409812467
385,0.28033389962847444,0.3323791755628672,0.3300186492460021,0.31944648713644463,0.3310189058753614,0.3413312391447329,0.35756368123514554,0.37811744955487187,0.3916285118187605
386,0.2944987433040863,0.3391502799539506,0.33443438118160473,0.322883101295856,0.3400537857480012,0.35331287845660186,0.3650053506417646,0.38708425476879244,0.3981218673622118
387,0.3009093796062542,0.33735650420768465,0.3436837857384236,0.3201562021096128,0.34960046538237066,0.3650539125439651,0.3721218760181756,0.39546798687903695,0.400971048739637
388,0.3048521254158939,0.34084001086915505,0.351570868338462,0.32219252682862914,0.356687963395568,0.3722305035084124,0.37839755102284844,0.40372441957670113,0.40443048081736505
389,0.3016032352172967,0.3492282300958116,0.3579256648963497,0.3281205693362943,0.3639805670620261,0.38041717033842826,0.38569474081393895,0.4080097182162918,0.40817893797707056
390,0.2941427381538514,0.3516422593849108,0.36310519529845575,0.33355977731070086,0.372003812926142,0.39271180175786125,0.3912393412625807,0.41268684777458525,0.41614304363710547
391,0.29307547236395926,0.35571195379364634,0.3679355750216461,0.3388172828333518,0.3800782200451752,0.40259408006905917,0.4001313883453821,0.4180844971177567,0.4239220622610169
392,0.2918884760341414,0.3562636971524324,0.37032668362688204,0.34822004917679683,0.3895211451162056,0.41276607883265554,0.40801230149564793,0.42288762738261376,0.4292980926073473
393,0.29503453956039827,0.3493783388737483,0.3743716792225905,0.36127258439346965,0.40005127740872876,0.42339005833382826,0.41489535852436515,0.427848487450577,0.43229831792251905
394,0.29578565237948673,0.34390080776017556,0.37512366929303786,0.37798520438357963,0.41397296095510233,0.4307099386323384,0.42276643707731304,0.4337675250018021,0.43509977503176406
395,0.2956922093702736,0.3403142555904119,0.3852037800382207,0.3978739769563291,0.43251472841514754,0.44021420762633845,0.43010694289011325,0.43980436537987,0.4388966639079221
396,0.29543093898694794,0.342570466283221,0.3933431690549396,0.4164744740311294,0.4464313388355317,0.44936501116503663,0.43810621578560793,0.4452415489151583,0.44193949788095704
397,0.29622925254837673,0.3439333878808185,0.3995288056377662,0.4288729730745418,0.45927600333954305,0.45763514503707875,0.4428165498344404,0.4504988348178775,0.4449838785106277
398,0.2905098034520113,0.3446387108027693,0.40348839455296276,0.44074864836466454,0.47185980841937947,0.4655822631021792,0.4469692547086722,0.45436438758670283,0.44784934141675287
399,0.284172315795679,0.3418955053934832,0.41058308224674356,0.4548399316381653,0.4813526477817704,0.47406483619144585,0.45298711101955175,0.45769664275594146,0.45158312402521683
400,0.29075106918023996,0.3342225600179208,0.4239491013504617,0.473212127033757,0.49571245643439554,0.4833009475669722,0.46091006940371937,0.46203787825742293,0.4552504314343132
401,0.2993839636694265,0.33821683007731246,0.4356206626050221,0.4871645256606269,0.5083065439075828,0.4917504765857561,0.46558989677441415,0.46680344653633,0.46038396407258503
402,0.3027589602311422,0.33681040936299794,0.4437361827209946,0.5030771852886512,0.5233294326553205,0.5009417230382104,0.4705954660229317,0.47011788948911715,0.46459583806228827
403,0.305437788202782,0.33526336434701764,0.4563553060400566,0.5160944411987418,0.5322774687939569,0.5048087842731774,0.47508192935037047,0.4739123804732846,0.4691160601315013
404,0.3098410427217872,0.3222880699608595,0.47039974457934,0.5217394964254052,0.5421126270784064,0.5069042529019905,0.4797462842845489,0.47587657386343013,0.4725224734459954
405,0.31011154974695393,0.32294930515491216,0.48051442426876667,0.5332193890130196,0.5448135495324185,0.5101561309680198,0.48494838685692426,0.478745491868713,0.4753271019986328
406,0.3155351123320689,0.3100752916071634,0.48384572266202464,0.5322661790600725,0.5482218826701295,0.5059393244394649,0.49108704821848614,0.4814992486808963,0.4786119092896101
407,0.31725374480724233,0.3102811803722015,0.48086082557326887,0.530982243360063,0.54496427158447,0.5009495465705424,0.49693852083878187,0.48303811097994753,0.4800341645277472
408,0.32340756523063113,0.3113668672784184,0.4805070440838458,0.5315954204788653,0.5428684556026419,0.5049439716726853,0.5028071414670499,0.4851351688205648,0.48319208908513894
409,0.33821855982812554,0.318633212040932,0.47137109280794853,0.5329759691880568,0.5399891422625164,0.5121804993634869,0.5132945572488755,0.48957859621982136,0.4854123643093896
410,0.34169181369137236,0.3251387135443066,0.468296513856408,0.5359941805933179,0.5417601088183953,0.521591779998765,0.523990079806241,0.4960565057304799,0.4909049754599211
411,0.33129489315780714,0.323115547135355,0.4677844411637981,0.5279108468494695,0.5343156111581797,0.5283280213420949,0.5324927604005016,0.5028471064304106,0.49177788874336736
412,0.3347181313697796,0.32472161730355864,0.4675220094582813,0.5287970325906458,0.532181015499378,0.5373964779232768,0.5432928925359558,0.5124714860443826,0.4980689387959103
413,0.3331774493719005,0.3245471358180742,0.4640393866605339,0.5319379245691499,0.5350929785331858,0.5413517327063,0.5496083162257102,0.5199778820036238,0.5004623108409252
414,0.33753198376344384,0.32221373187866004,0.46272625577388726,0.5257516519065776,0.5349451601561692,0.5434965072437471,0.556812124287179,0.5262377923415661,0.5053277180275572
415,0.3378230036308382,0.3273548296981788,0.4519187641917731,0.5178071272076111,0.5349637029363887,0.5451399161572081,0.5624780156484388,0.537101971072181,0.508594279623604
416,0.3209088291182046,0.3169002899379676,0.4431061669458183,0.5094327029391091,0.5335358528627746,0.5479859586329098,0.5669186670713923,0.542208919633725,0.5150603431371714
417,0.31830093450713853,0.31477011683563544,0.4349871577573614,0.49900256496414214,0.5314895631131415,0.5483322807264929,0.570145567517074,0.5468868196649989,0.521313217491093
418,0.3152172377296734,0.3087295692715613,0.42918953314628333,0.493841640524501,0.5312502916823393,0.5467926684059949,0.5724357033807039,0.5505912349996867,0.5290069780627339
419,0.3049553241441539,0.3145865970672042,0.4201423866121258,0.4852035060723197,0.528622269647569,0.5438982364889935,0.5736867157338782,0.5546680427775814,0.5318312855820794
420,0.29399870623083846,0.30525445891807756,0.40521990212168796,0.47573907469500815,0.5238592630211655,0.5393479797534498,0.5740030433593741,0.5564132573590502,0.5332832102223967
421,0.2891482238870041,0.3107043772381717,0.3931735394448141,0.46611648824957513,0.5187916245689238,0.5362240428593874,0.5765644019893255,0.5586682981747295,0.5361622533641269
422,0.28381231208034186,0.3025340039000415,0.38336626462737466,0.4600487451186808,0.5129608811229901,0.533235969073254,0.577952316273755,0.5604765502936718,0.5392123115200487
423,0.2786722809005151,0.29951039335299023,0.37469464948819553,0.4521622872011965,0.5044488929932127,0.5312094122028255,0.5772945917360172,0.5612008597006525,0.5410103122301358
424,0.2587195764745844,0.2860638808565327,0.3591296006678915,0.4404319116528262,0.4931478546520375,0.5259099662886628,0.5753143923516227,0.560008451102326,0.5421610681494771
425,0.24390139955194692,0.2768100331948496,0.3442052383042635,0.42544959834135515,0.4799719949563001,0.5185782800920629,0.5706097614699481,0.5583278681710288,0.5413659231239426
426,0.23928984835991712,0.27725296353494794,0.3339080947182654,0.41290582947226784,0.46674176847139,0.5106456536594175,0.5683936747311721,0.5593026692292558,0.5417170170208314
427,0.2259422306154187,0.27013718448619467,0.32614306882825994,0.39758871386437356,0.455840179325098,0.5010309781476132,0.5666973940915998,0.5601609485003625,0.541226124553473
428,0.2122964131351214,0.2636707253483296,0.319754702797759,0.3791495142195864,0.4417147659337631,0.48837145891445477,0.5664074447785015,0.5579746748600314,0.5402043295712764
429,0.20241326713823615,0.26157513415482564,0.3261874372164803,0.3700888957961092,0.42788455391895985,0.47492414797743615,0.5654476766334575,0.5574118938347766,0.5394527853206051
430,0.20237741046850122,0.25537760945629623,0.3227302765472779,0.35406333675244933,0.40835787614757874,0.4579222329323683,0.5621656027057117,0.5539418697425481,0.539172380534162
431,0.2032308422536012,0.25352388068181114,0.3156124961775943,0.35675793966608665,0.3895691647036331,0.4408208881789495,0.5590494803483956,0.552768465793764,0.5408857635149502
432,0.20234245492999753,0.2505183092291323,0.30751721756116834,0.35672516581931096,0.3668420977392578,0.42716224088337273,0.5541786019248773,0.552663669848053,0.544350394481125
433,0.1988089925291081,0.2518859468961684,0.3036408437729367,0.3475114063553642,0.34544467111626226,0.41591504378743227,0.5491819546000247,0.5556864220957806,0.5458197922365687
434,0.201625995885545,0.24779098412895706,0.3019165578199309,0.32722113367317474,0.3140984249109429,0.3950878412929613,0.539503701139977,0.5564455319276115,0.5475885149850119
435,0.20159733097763022,0.2509012073329449,0.30622660584311817,0.32677922258100833,0.29653953158806073,0.3690901918305354,0.529799297819193,0.5608882143834808,0.5474675476264236
436,0.20078135258307273,0.25283885272902196,0.3116104133528442,0.3316223645886683,0.27812361898567,0.33837527222306646,0.5173186839674558,0.562616907138665,0.5467885277988962
437,0.2055768016445413,0.2572689165955876,0.31594853828191943,0.3308353695112906,0.2793610249670655,0.3058983547761893,0.5197999326647663,0.56505735914015,0.5517392633880865
438,0.21122234307103785,0.25751120122164284,0.3143501551397524,0.3249087904698024,0.26518285684656906,0.2821348511743326,0.5311927184279405,0.5684694128234872,0.5616592996939215
439,0.22046416448793157,0.2711490309252861,0.31267579671295165,0.3186610590121774,0.24044591680280972,0.248285320065082,0.5301450286986384,0.5639901877299828,0.5654032581296228
440,0.2173746894649024,0.267116977893299,0.31306582931685545,0.3084881947734087,0.18314581459355786,0.1710220578062226,0.5151682942307598,0.548855308510206,0.5650144322776289
441,0.2168595643765356,0.2528015768551405,0.3199303457011679,0.3061769174023965,0.2036518620902625,0.1638170628962598,0.5356704454402228,0.5362790775160736,0.5684282252572819
